title,tmdbCode,type,tmdbTitle,matchConfidence
stranger things,66732,tv,Stranger Things,925.8182
virgin river,88324,tv,Virgin River,9.0508
the witcher,71912,tv,The Witcher,83.1264
outer banks,100757,tv,Outer Banks,11.3607
sweet magnolias,102904,tv,Sweet Magnolias,3.863
kings of jo'burg,114187,tv,Kings of Jo'Burg,2.4886
bridgerton,91239,tv,Bridgerton,30.7582
ginny & georgia,117581,tv,Ginny & Georgia,13.6027
the lincoln lawyer,116799,tv,The Lincoln Lawyer,11.5247
heartbreak high,12998,tv,Heartbreak High,5.346
the watcher,210232,tv,The Watcher,3.8734
the night agent,129552,tv,The Night Agent,12.8279
unseen,1067714,movie,Unseen,2.5159
the diplomat,203857,tv,The Diplomat,10.804
fatal seduction,227975,tv,Fatal Seduction,8.595
my life with the walter boys,199001,tv,My Life with the Walter Boys,12.2569
3 body problem,108545,tv,3 Body Problem,11.444
supacell,158141,tv,Supacell,4.6167
beauty in black,246246,tv,Beauty in Black,10.4842
black doves,225385,tv,Black Doves,4.9049
ransom canyon,240993,tv,Ransom Canyon,3.5244
forever,60726,tv,Forever,9.3802
bet,255779,tv,Bet,3.93
dept. q,245703,tv,Dept. Q,6.1979
untamed,248852,tv,UNTAMED,7.8378
house of guinness,250988,tv,House of Guinness,6.8432
bad influencer,302854,tv,Bad Influencer,11.61
the abandons,223300,tv,The Abandons,92.5626
awaiting release,,,,
run away[28],,,,
his & hers[30],854912,movie,For The Sake Of Her Impotent This Married Woman She Went To This Rundown Dump And Enjoyed Deep And Rich Impregnation Sex With A Single Man Who Had Spent The Past 30 Days Storing His Semen Hikari Kisaki,0
agatha christie's seven dials[32],,,,
emily in paris,82596,tv,Emily in Paris,16.8652
the upshaws,121509,tv,The Upshaws,3.4667
wednesday,119051,tv,Wednesday,58.0128
beef,154385,tv,BEEF,6.1393
"xo, kitty",195670,tv,"XO, Kitty",10.3881
survival of the thickest,227139,tv,Survival of the Thickest,1.9577
the vince staples show,243861,tv,The Vince Staples Show,1.9366
the gentlemen,236235,tv,The Gentlemen,11.7343
tires,247522,tv,Tires,3.1934
nobody wants this,250923,tv,Nobody Wants This,8.1741
a man on the inside,245312,tv,A Man on the Inside,15.8048
running point,244623,tv,Running Point,3.4971
the four seasons,25113,movie,The Four Seasons,1.8753
bad thoughts,251608,tv,Bad Thoughts,1.7121
miss governor,283368,tv,Miss Governor,1.7006
leanne,252751,tv,Leanne,2.7858
boots,225647,tv,Boots,10.101
son of a donkey,255803,tv,Son of a Donkey,2.8914
awaiting release,,,,
man vs. baby[48],,,,
one piece,111110,tv,ONE PIECE,11.5767
avatar: the last airbender,246,tv,Avatar: The Last Airbender,11.7194
geek girl,252605,tv,Geek Girl,2.4701
blippi's job show,285836,tv,Blippi's Job Show,0.356
"love, death & robots",86831,tv,"Love, Death & Robots",20.613
blue eye samurai,225180,tv,BLUE EYE SAMURAI,6.0244
tomb raider: the legend of lara croft,117830,tv,Tomb Raider: The Legend of Lara Croft,4.8208
devil may cry,235930,tv,Devil May Cry,5.1403
long story short,880844,movie,Long Story Short,1.4827
haunted hotel,255752,tv,Haunted Hotel,5.9091
kurukshetra: the great war of mahabharata,300894,tv,Kurukshetra,5.2736
awaiting release,,,,
strip law[62],,,,
record of ragnarok,114868,tv,Record of Ragnarok,16.9753
castlevania: nocturne,123548,tv,Castlevania: Nocturne,5.0782
pokémon concierge,221301,tv,Pokémon Concierge,2.6146
moonrise,1075969,movie,Moonrise,4.3841
leviathan,14372,movie,Leviathan,1.7254
my melody & kuromi,281512,tv,My Melody & Kuromi,3.0079
splinter cell: deathwatch,127366,tv,Splinter Cell: Deathwatch,5.5888
awaiting release,,,,
love through a prism[66],,,,
gabby's dollhouse,111474,tv,Gabby's Dollhouse,10.6231
the creature cases,195407,tv,The Creature Cases,6.4498
unicorn academy,221504,tv,Unicorn Academy,6.1841
cocomelon lane,209710,tv,CoComelon Lane,2.2144
hot wheels let's race,235995,tv,Hot Wheels Let's Race,3.7279
mighty monsterwheelies,235998,tv,Mighty Monsterwheelies,2.3862
barbie mysteries,234586,tv,Barbie Mysteries,2.2947
dog days out,282209,tv,Dog Days Out,1.1272
"dr. seuss's red fish, blue fish",293703,tv,"Dr. Seuss's Red Fish, Blue Fish",2.075
dr. seuss's horton!,293205,tv,Dr. Seuss's Horton!,0.6609
the bad guys: breaking in,302540,tv,The Bad Guys: Breaking In,7.8727
the exchange,718916,movie,The Exchange,2.8229
franklin,1458,tv,Franklin,4.5111
catalog,93501,movie,Catalog,0.0338
roosters,293406,movie,Roosters,1.7471
football parents,261009,tv,Football Parents,1.3318
amsterdam empire,249586,tv,Amsterdam Empire,8.4384
lupin,96677,tv,Lupin,11.9813
blood coast,216985,tv,Blood Coast,5.0012
furies,212588,tv,Furies,3.3294
the cage,1339566,movie,The Cage,1.9015
under a dark sun,272466,tv,Under a Dark Sun,3.7666
young millionaires,272467,tv,Young Millionaires,3.7987
néro the assassin,249551,tv,Néro the Assassin,12.0994
the empress,623595,movie,The Empress,2.3766
crooks,246799,tv,Crooks,3.7331
murder mindfully,252372,tv,Murder Mindfully,4.217
dudes,26574,movie,Dudes,1.6543
delhi crime,87508,tv,Delhi Crime,4.7439
she,1881653,person,Nicolette Shea,101.551
mismatched,113457,tv,Mismatched,2.1815
yeh kaali kaali ankhein,153950,tv,Yeh Kaali Kaali Ankhein,1.3847
class,21500,movie,Class,3.3844
rana naidu,203202,tv,Rana Naidu,2.7685
guns & gulaabs,156714,tv,Guns & Gulaabs,1.4934
maamla legal hai,246483,tv,Maamla Legal Hai,1.5153
heeramandi: the diamond bazaar,156716,tv,Heeramandi,3.5569
black warrant,983768,movie,Black Warrant,3.8226
dabba cartel,247830,tv,Dabba Cartel,1.8957
khakee: the bengal chapter,282394,tv,Khakee: The Bengal Chapter,2.2845
the royals,62137,tv,The Royals,2.7335
mandala murders,247831,tv,Mandala Murders,3.0578
saare jahan se accha: the silent guardians,283610,tv,Saare Jahan Se Accha: The Silent Guardians,2.5609
the ba***ds of bollywood,247043,tv,The Ba***ds of Bollywood,3.6299
the law according to lidia poët,218896,tv,The Law According to Lidia Poët,2.8356
public disorder,278877,tv,Public Disorder,2.486
my family,643,tv,My Family,5.097
real men,44801,movie,Real Men,2.1493
sara – woman in the shadows,291256,tv,Sara - Woman in the Shadows,2.4555
riv4lries,299483,tv,RIV4LRIES,4.143
awaiting release,,,,
sicily express[93],,,,
alice in borderland,110316,tv,Alice in Borderland,30.3859
asura,466403,movie,Asura,3.2835
glass heart,247670,tv,Glass Heart,2.4735
romantics anonymous,249054,tv,Romantics Anonymous,3.4302
last samurai standing,252193,tv,Last Samurai Standing,34.1804
all of us are dead,99966,tv,All of Us Are Dead,15.5744
bloodhounds,437453,movie,Bloodhounds,2.6252
the trauma code: heroes on call,217553,tv,The Trauma Code: Heroes on Call,4.9092
dear hongrang,224819,tv,Dear Hongrang,2.5553
"genie, make a wish",228689,tv,"Genie, Make a Wish",13.2456
the price of confession,209110,tv,The Price of Confession,45.9639
awaiting release,,,,
cashero[97],,,,
i am married...but!,239017,tv,I Am Married...But!,1.756
forget you not,250178,tv,Forget You Not,1.2516
the resurrected,30694,movie,The Resurrected,4.1133
had i not seen the sun,241576,tv,Had I Not Seen the Sun,8.5881
1670,236450,tv,1670,3.3365
the mothers of penguins,252747,tv,The Mothers of Penguins,2.065
the hooligan,280872,tv,The Hooligan,1.8064
aniela,52624,tv,Aniela,0.8424
turn of the tide,202577,tv,Turn of the Tide,3.3572
criminal code,235924,tv,Criminal Code,5.2641
rulers of fortune,282440,tv,Rulers of Fortune,12.8891
alpha males,215092,tv,Alpha Males,5.8723
the snow girl,1069650,movie,The Girl in the Snow,2.5076
eva lasting,219063,tv,Eva Lasting,2.9904
community squad,219066,tv,Community Squad,2.2251
fake profile,227371,tv,Fake Profile,5.8469
the manny,1040036,movie,The Manny,0.6676
berlin,146176,tv,Berlin,7.2469
baby bandito,241480,tv,Baby Bandito,2.8794
bandidos,241269,tv,Bandidos,5.6049
gangs of galicia,227042,tv,Gangs of Galicia,2.6606
the accident,94755,tv,The Accident,0.8858
breathless,1058,movie,Breathless,3.4112
envious,261615,tv,Envious,11.9973
one hundred years of solitude,207333,tv,One Hundred Years of Solitude,4.1583
1992,413846,movie,1992,4.3441
prison cell 211,246025,tv,Prison Cell 211,2.8885
medusa,284792,tv,Medusa,3.8738
welcome to the family,51357,tv,Welcome to the Family,0.8975
caught,344277,movie,Caught,1.5308
the eternaut,226362,tv,The Eternaut,5.9016
snakes and ladders,69782,movie,Snakes and Ladders,1.1482
rotten legacy,248716,tv,Rotten Legacy,1.7284
olympo,259669,tv,Olympo,7.4529
the gringo hunters,246026,tv,The Gringo Hunters,4.2174
unspeakable sins,290276,tv,Unspeakable Sins,9.4937
in the mud,258462,tv,In the Mud,5.3007
billionaires' bunker,245648,tv,Billionaires' Bunker,14.3566
the guest,241848,movie,The Guest,2.8212
"old dog, new tricks",243200,tv,"Old Dog, New Tricks",4.8136
no one saw us leave,246027,tv,No One Saw Us Leave,6.9001
just alice,302723,tv,Just Alice,19.574
how to win the lottery,283392,tv,How to Win the Lottery,3.536
awaiting release,,,,
city of shadows[115],,,,
love from 9 to 5[116],,,,
time flies[118][119],,,,
barracuda queens,225152,tv,Barracuda Queens,1.9758
the åre murders,224021,tv,The Åre Murders,3.3324
diary of a ditched girl,283390,tv,Diary of a Ditched Girl,2.1132
the new force,271128,tv,The New Force,2.6873
awaiting release,,,,
land of sin[121],,,,
graveyard,1116695,movie,Graveyard,2.402
"thank you, next",251883,tv,"Thank You, Next",4.1421
lovers anonymous,278404,tv,Lovers Anonymous,2.2869
bet your life,275623,movie,You Bet Your Life,1.7603
platonic,112211,tv,Platonic,8.3517
old money,278009,tv,Old Money,10.0323
awaiting release,,,,
the town[125],,,,
home for christmas,52320,movie,Home for Christmas,2.0167
kohrra,727599,movie,Fog,0.0286
subteran,277805,tv,Subteran,2.4773
dalah: death and the flowers,282792,tv,Dalah: Death and the Flowers,1.8506
tuiskoms,283579,tv,Tuiskoms,2.5096
go!,62569,tv,Go! Princess PreCure,3.9647
losmen bu broto: the series,285631,tv,Losmen Bu Broto: The Series,0.6327
marked,846599,movie,Marked,1.9189
ratu ratu queens: the series,286162,tv,Ratu Ratu Queens: The Series,1.5192
the game: you never play alone,300741,tv,The Game: You Never Play Alone,1.6745
the asset,1274083,movie,The Asset,2.5795
somebody feed phil,76305,tv,Somebody Feed Phil,2.6226
formula 1: drive to survive,87083,tv,Formula 1: Drive to Survive,11.0365
full swing,1082451,movie,FULL SWING!,2.1028
missing: dead or alive?,225351,tv,Missing: Dead or Alive?,1.9576
quarterback,220998,tv,Quarterback,1.8355
life on our planet,213609,tv,Life on Our Planet,3.6194
full speed,170550,movie,Full Speed,3.2646
america's sweethearts: dallas cowboys cheerleaders,252257,tv,AMERICA'S SWEETHEARTS: Dallas Cowboys Cheerleaders,2.1913
kaulitz & kaulitz,254721,tv,Kaulitz & Kaulitz,1.5949
starting 5,262955,tv,Starting 5,1.8815
aaron rodgers: enigma,270973,tv,Aaron Rodgers: Enigma,1.3163
the roshans,271406,tv,The Roshans,1.7278
american manhunt: o. j. simpson,282405,tv,American Manhunt: O.J. Simpson,1.0129
the greatest rivalry: india vs pakistan,247833,tv,The Greatest Rivalry: India vs Pakistan,0.7078
american murder: gabby petito,283197,tv,American Murder: Gabby Petito,2.1793
court of gold,282846,tv,Court of Gold,1.4407
gold & greed: the hunt for fenn's treasure,285380,tv,Gold & Greed: The Hunt for Fenn's Treasure,1.0548
gone girls: the long island serial killer,285084,tv,Gone Girls: The Long Island Serial Killer,1.6546
the clubhouse: a year with the red sox,282628,tv,The Clubhouse: A Year with the Red Sox,1.3067
bad influence: the dark side of kidfluencing,286338,tv,Bad Influence: The Dark Side of Kidfluencing,1.2924
race for the crown,288106,tv,Race for the Crown,0.2987
a tragedy foretold: flight 3054,287420,tv,A Tragedy Foretold: Flight 3054,0.5948
carlos alcaraz: my way,280885,tv,Carlos Alcaraz: My Way,0.5477
chef's table: legends,273212,tv,Chef's Table: Legends,0.8086
turning point: the vietnam war,286788,tv,Turning Point: The Vietnam War,1.2428
american manhunt: osama bin laden,283367,tv,American Manhunt: Osama bin Laden,1.7742
cold case: the tylenol murders,289486,tv,Cold Case: The Tylenol Murders,0.8145
f1: the academy,289742,tv,F1: The Academy,1.4348
power moves with shaquille o'neal,290865,tv,Power Moves with Shaquille O'Neal,0.8715
off road,294191,tv,Off Road,0.9152
amy bradley is missing,294726,tv,Amy Bradley Is Missing,1.7538
critical: between life and death,259207,tv,Critical: Between Life and Death,1.095
wwe unreal,289485,tv,WWE: Unreal,2.4349
conversations with a killer: the son of sam tapes,294611,tv,Conversations with a Killer: The Son of Sam Tapes,0.4017
sec football: any given saturday,296069,tv,SEC Football: Any Given Saturday,0.9234
the echoes of survivors: inside korea's tragedies,290682,tv,The Echoes of Survivors: Inside Korea's Tragedies,1.2016
fit for tv: the reality of the biggest loser,296549,tv,Fit for TV: The Reality of the Biggest Loser,1.0252
america's team: the gambler and his cowboys,279942,tv,America's Team: The Gambler and His Cowboys,1.5203
katrina: come hell and high water,283354,tv,Katrina: Come Hell and High Water,1.426
love con revenge,297791,tv,Love Con Revenge,1.3135
matchroom: the greatest showmen,262279,tv,Matchroom: The Greatest Showmen,0.7639
nightmares of nature,298682,tv,Nightmares of Nature,2.1919
true haunting,300999,tv,True Haunting,4.466
mob war: philadelphia vs. the mafia,301498,tv,Mob War: Philadelphia vs. the Mafia,1.2338
marines,86630,movie,Marines,1.8219
sean combs: the reckoning,255251,tv,Sean Combs: The Reckoning,29.7882
awaiting release,,,,
simon cowell: the next act[132],,,,
queer eye,76922,tv,Queer Eye,9.6573
selling sunset,87826,tv,Selling Sunset,5.6598
love is blind,99353,tv,Love Is Blind,7.1206
love is blind: brazil,133356,tv,Love Is Blind: Brazil,1.9688
"young, famous & african",157717,tv,"Young, Famous & African",1.753
the ultimatum: marry or move on,169588,tv,The Ultimatum: Marry or Move On,0.9399
love on the spectrum,200731,tv,Love on the Spectrum,1.5327
rhythm + flow france,133784,tv,Rhythm + Flow France,1.161
selling the oc,139566,tv,Selling the OC,1.7573
dubai bling,213272,tv,Dubai Bling,0.9156
love never lies: poland,217309,tv,Love Never Lies: Poland,2.38
perfect match,254821,tv,Perfect Match,10.9899
too hot to handle: germany,219053,tv,Too Hot to Handle: Germany,1.8568
outlast,220115,tv,Outlast,1.3232
king of collectibles: the goldin touch,223663,tv,King of Collectibles: The Goldin Touch,0.7241
at home with the furys,230939,tv,At Home with the Furys,0.5599
the devil's plan,214582,tv,The Devil's Plan,4.7788
stranded with my mother-in-law,224330,tv,Stranded with My Mother-in-Law,2.6444
squid game: the challenge,204082,tv,Squid Game: The Challenge,6.9377
love is blind: sweden,241140,tv,Love Is Blind: Sweden,2.1659
rhythm + flow italy,243202,tv,Rhythm + Flow Italy,1.0595
agents of mystery,240114,tv,Agents of Mystery,2.19
owning manhattan,255690,tv,Owning Manhattan,5.585
the boyfriend,255487,movie,The Boyfriend,0.0368
love is blind: uk,237316,tv,Love Is Blind: UK,1.971
culinary class wars,245684,tv,Culinary Class Wars,5.4304
love is blind: argentina,275146,tv,Love Is Blind: Argentina,0.5003
rugged rugby: conquer or die,260566,tv,Rugged Rugby: Conquer or Die,0.9611
love is blind: germany,253030,tv,Love Is Blind: Germany,0.7658
selling the city,255728,tv,Selling the City,0.8324
i am ilary,278701,tv,I Am Ilary,0.8457
w.a.g.s to riches,279991,tv,W.A.G.s to Riches,0.5227
celebrity bear hunt,279231,tv,Celebrity Bear Hunt,2.7615
offline love,282651,tv,Offline Love,0.9492
"with love, meghan",280976,tv,"With Love, Meghan",2.6713
million dollar secret,285205,tv,Million Dollar Secret,1.7136
kian's bizarre b&b,256355,tv,Kian's Bizarre B&B,0.768
pop the balloon live,287503,tv,Pop the Balloon LIVE,0.2414
battle camp,287366,tv,Battle Camp,0.6994
cheat: unfinished business,289458,tv,Cheat: Unfinished Business,0.4202
rhythm + flow: poland,288910,tv,Rhythm + Flow: Poland,0.2351
sneaky links: dating after dark,259354,tv,Sneaky Links: Dating After Dark,0.6447
too hot to handle: spain,292225,tv,Too Hot to Handle: Spain,1.1292
yolanthe,290388,tv,YOLANTHE,1.0112
all the sharks,294011,tv,All the Sharks,1.1105
better late than single,288912,tv,Better Late Than Single,1.9091
building the band,261887,tv,Building the Band,1.3993
too hot to handle: italy,286867,tv,Too Hot to Handle: Italy,0.8732
hitmakers,37995,tv,Hitmakers,1.0619
final draft,257929,tv,Final Draft,0.2358
love is blind: france,277544,tv,Love Is Blind: France,1.0913
next gen chef,298620,tv,Next Gen Chef,1.1028
inside: usa,299675,tv,Inside: USA,0.8703
physical: asia,293613,tv,Physical: Asia,12.0406
love is blind: italy,283967,tv,Love Is Blind: Italy,4.9891
awaiting release,,,,
badly in love[152],,,,
what's in the box[154],,,,
members only: palm beach[156],,,,
my next guest needs no introduction with david letterman,76178,tv,My Next Guest Needs No Introduction with David Letterman,2.8014
dinner time live with david chang,244587,tv,Dinner Time Live with David Chang,2.5945
the great indian kapil show,247769,tv,The Great Indian Kapil Show,4.3306
live from the other side with tyler henry,261510,tv,Live from the Other Side with Tyler Henry,2.5455
everybody's live with john mulaney,283387,tv,Everybody's Live with John Mulaney,3.088
black mirror (series 3–7),,,,
inside (season 2),,,,
weak hero (season 2),,,,
death inc. (season 3),,,,
crime scene (season 5),,,,
three idiots (season 3),,,,
awaiting release,,,,
star search (season 15)[161],,,,
awaiting release,,,,
elmo and mark rober's merry giftmas[163],,,,
is it cake? holiday,275144,tv,Is It Cake? Holiday,2.9238
famous last words,1453279,movie,Famous Last Words,0.6945
is it cake? halloween,300594,tv,Is It Cake? Halloween,0.5905
bad exorcist,114183,tv,Bad Exorcist,2.089
seven doors,279517,tv,Seven Doors,0.8399
the hunting wives,244447,tv,The Hunting Wives,5.1216
awaiting release,,,,
innate[165],,,,
i am a killer,81337,tv,I AM A KILLER,3.1634
single's inferno,139798,tv,Single's Inferno,5.0429
the parisian agency: exclusive properties (seasons 2–5),,,,
woman of the dead,214088,tv,Woman of the Dead,2.2865
high tides,203616,tv,High Tides,4.4791
a good girl's guide to murder,218342,tv,A Good Girl's Guide to Murder,4.1551
north of north,56387,tv,Fist of the North Star,9.8416
pernille (seasons 4–5),,,,
temptation island (season 9),,,,
rosario tijeras (season 4),,,,
sesame street (season 56),,,,
the undertow[174],,,,
the witness[175][176],,,,
how to get to heaven from belfast[177],,,,
east of eden[179][180],,,,
the boroughs[182][183],,,,
something very bad is going to happen[185],,,,
the age of innocence[186],,,,
all the sinners bleed[187],,,,
the altruists[188][189],,,,
black hole[190],,,,
the body[187][191],,,,
the boys from brazil[192],,,,
covers[193],,,,
crew girl[194],,,,
the granville girls[195],,,,
grown ups[175],,,,
how to kill your family[196],,,,
i will find you[197][198],,,,
kennedy[199],,,,
legends[200],,,,
little house on the prairie[201],,,,
man on fire[202][203][204],,,,
my brilliant career[205],,,,
nemesis[206],,,,
out of the dust[207],,,,
pagans[208],,,,
poser[209],,,,
pride and prejudice[210],,,,
"rabbit, rabbit[211]",,,,
they both die at the end[212],,,,
thumblite[213],,,,
trigger point[214],,,,
trinity[215],,,,
twisted love[216],,,,
unaccustomed earth[217],,,,
untitled assassin's creed series[218],,,,
untitled charlie brooker series[219],,,,
untitled extraction series[220],,,,
untitled martin scorsese series[221],,,,
untitled michelle monaghan series[222],,,,
untitled monster lizzie borden series[223],,,,
untitled newfoundland and labrador series[224],,,,
untitled the secret of secrets series[225],,,,
untitled scooby-doo series[226],,,,
untitled tim mcgraw series[227],,,,
vladimir[228],,,,
weather girl[229],,,,
free bert[230],,,,
hollywood arts[232],,,,
big mistakes[233][234],,,,
golf[235],,,,
untitled a different world sequel series[236],,,,
alley cats[237],,,,
mating season[238],,,,
stranger things: tales from '85[239][240],,,,
living the dream[242],,,,
magic: the gathering[243],,,,
midnight sun[244],,,,
army of the dead: lost vegas[245],,,,
beat & motion[246],,,,
cyberpunk: edgerunners 2[247][248],,,,
the one piece[249],,,,
stranger things: tokyo[250],,,,
motel transylvania,256322,tv,Motel Transylvania,0.5346
ghostbusters[252][253],,,,
mafalda[254],,,,
untitled clash of clans series[255],,,,
untitled minecraft series[256][257],,,,
untitled rebel moon series[258],,,,
gign[259],,,,
les lionnes[259],,,,
recalé[260],,,,
die falle[111],,,,
kacken an der havel[261],,,,
plötzlich kanzlerin[262],,,,
the trap[263],,,,
akka[128],,,,
glory[128],,,,
operation safed sagar[264],,,,
o saathi re[265],,,,
rakt bramhand – the bloody kingdom[266],,,,
motor valley[111],,,,
chiaroscuro[268],,,,
il capo perfetto[269],,,,
nemesi[270],,,,
sins of kujo[271],,,,
did someone happen to mention me?[272],,,,
plastic beauty[273],,,,
straight to hell[272],,,,
human vapor[274],,,,
quiztopia[275],,,,
soul mate[276],,,,
can this love be translated?[277],,,,
the art of sarah[279],,,,
boyfriend on demand[280],,,,
east palace[281],,,,
grand galaxy hotel[282],,,,
lovestuck[283],,,,
notes from the last row[284],,,,
perfect job[285],,,,
the rat[286],,,,
road[287],,,,
scandals[288],,,,
show business[289],,,,
solo leveling[290],,,,
take charge of my heart[291],,,,
true lessons[292],,,,
variety[293],,,,
wish your death[294],,,,
the wonderfools[295],,,,
emergência radioativa[296],,,,
fúria[296],,,,
untitled 1970 fifa world cup series[297][296],,,,
all the truth behind my lies[298],,,,
corruptors[116],,,,
el crimen de pazos[299],,,,
el problema final[300],,,,
the future is ours[301],,,,
i'm not afraid[116],,,,
los secretos de la cortesana[302],,,,
lovesick[303][304],,,,
the map of longing[305][306],,,,
my sad dead[307],,,,
palace[108],,,,
salvador[308],,,,
santita[116],,,,
that night[309],,,,
untitled aníbal gordon series[310],,,,
super subbu[128],,,,
"to love, to lose[311]",,,,
untitled sara khorami series[312],,,,
buybust: the undesirables[313],,,,
the case[314],,,,
jo nesbø's detective hole[315][316][317],,,,
museum of innocence[311],,,,
untitled the chestnut man sequel series[316][318],,,,
the dinner club[319],,,,
jo bachay hain sang samait lo[320],,,,
legacy[321],,,,
#love[321],283807,tv,外星小子哆布哆,0.3732
million-follower detective[322],,,,
untitled james rodríguez docuseries[108],,,,
hunting gary glitter[323],,,,
jack unterweger[324],,,,
pinzner: german hitman[324],,,,
shirin david[324],,,,
this blew up[325],,,,
untitled alejandro sanz docuseries[326],,,,
untitled carmen cervera docuseries[327],,,,
untitled gordon ramsay docuseries[328],,,,
untitled john meehan docuseries[329],,,,
untitled john o'keefe docuseries[330],,,,
untitled mike tyson docuseries[331],,,,
untitled rafael nadal docuseries[332],,,,
untitled take that docuseries[333],,,,
calabasas confidential[334],,,,
untitled kevin hart series[335],,,,
untitled mark rober series[337],,,,
age of attraction[338],,,,
blue therapy[339],,,,
clue[340],,,,
the golden ticket[341],,,,
jae-suk's b&b rules![141],,,,
let's marry harry[334],,,,
love is blind: netherlands[342],,,,
love is blind: poland[343],,,,
meu namorado coreano[296],,,,
monopoly[344],,,,
physical 100: italy[345],,,,
physical 100: usa[346],,,,
win the mall[347],,,,
all for light[348],,,,
the bombing of pan am 103[349][350],,,,
the countess of monte cristo[351],,,,
eddie's lil' homies[352],,,,
untitled front populaire miniseries[353],,,,
untitled peaky blinders sequel series[354],,,,
pop culture jeopardy! (season 2)[355],,,,
my lover my killer (season 2)[356],,,,
heartstopper forever[357],,,,
untitled sintonia spin-off film[296],,,,
is it cake? valentines[358],,,,
the aisle[359],,,,
anna o[360],,,,
bandi[259],,,,
barbaric[361],,,,
bat boy[362],,,,
birthright[363],,,,
broken toys[364],,,,
calabasas[365],,,,
captain planet[366],,,,
carrie soto is back[367],,,,
dangerous liaisons[368],,,,
dead letters[369],,,,
the elissas[370],,,,
enigma variations[371],,,,
fatherhood[372],,,,
the forgotten realms[373],,,,
"forever, interrupted[374]",,,,
the grays[375],,,,
grim[376],,,,
hancock park[377],,,,
happy place[378],,,,
impact winter[379],,,,
in case of emergency[380],,,,
land of the lost reboot[381],,,,
minor threats[382],,,,
one day in december[383],,,,
pain & suffering[384],,,,
physical: 100 europe[346],,,,
princess of south beach[385],,,,
prism[386],,,,
"the savage, noble death of babs dionne[387]",,,,
sex act[388],,,,
something is killing the children[389],,,,
they'll never catch us[390],,,,
tuesday night titans[391],,,,
uncorked[392],,,,
untitled catan series[393],,,,
untitled chestnut springs series[394],,,,
untitled crash bandicoot series[395],,,,
"untitled ""daddy ball"" series[396]",,,,
untitled english-language extraordinary attorney woo adaptation[397],,,,
untitled english-language squid game adaptation[398],,,,
untitled halley feiffer series[399],,,,
untitled julio iglesias series[400],,,,
untitled marc cherry series[401],,,,
untitled madonna series[402],,,,
untitled main line murders series[403],,,,
untitled matt rife series[404],,,,
untitled maya and the three-related series[405],,,,
untitled one tree hill sequel series[406],,,,
untitled overcooked competition series[407],,,,
untitled prince harry and meghan markle scripted series[408],,,,
untitled simon riske series[409],,,,
untitled spiritual procedural series[410],,,,
untitled virgin river prequel[411],,,,